{
  "birthdayWomen": [
    "3f7d8a2b.jpg",
    "4c709ab8.jpg",
    "6e1df48f.jpg",
    "6f77253d.jpg",
    "17fb9b68.jpg",
    "68b85d0c.jpg",
    "116f7332.jpg",
    "400d4168.jpg",
    "1915d682.jpg"
  ],
  "birthdayMen": [
    "3f7d8a2b.jpg",
    "68fe92e2.jpg",
    "1915d682.jpg",
    "4421cd74.jpg",
    "40717d5c.jpg"
  ],
  "womenday": [
    "4c709ab8.jpg",
    "6e1df48f.jpg",
    "6f77253d.jpg",
    "17fb9b68.jpg",
    "68b85d0c.jpg",
    "116f7332.jpg",
    "400d4168.jpg"
  ],
  "programmingday": [
    "3f7d8a2b.jpg",
    "4421cd74.jpg",
    "40717d5c.jpg"
  ],
  "knowledgeday": [
    "4c709ab8.jpg",
    "6e1df48f.jpg",
    "6f77253d.jpg",
    "17fb9b68.jpg",
    "68b85d0c.jpg",
    "116f7332.jpg",
    "400d4168.jpg",
    "b750ee7a.jpg"
  ],
  "teacherday": [
    "4c709ab8.jpg",
    "6e1df48f.jpg",
    "6f77253d.jpg",
    "17fb9b68.jpg",
    "68b85d0c.jpg",
    "116f7332.jpg",
    "400d4168.jpg"
  ],
  "newyear": [
    "caa6f2bc.jpg",
    "ad7c77ef.jpg",
    "a83031b3.jpg",
    "a989f28e.jpg",
    "230fc3d0.jpg",
    "8ed7da2c.jpg",
    "64ca2c01.jpg"
  ]
}
