{
  "birthdayWomen": [
    {
      "id": "ee6adc6905",
      "text": "Хочу поздравить с днем рождения\nИ в этот день Вам пожелать\nЛюбви, успеха, наслаждения,\nЧтоб никогда не унывать.\n\nЧтобы мечты всегда сбывались,\nСияли радостью глаза.\nЧтобы проблемы разбегались,\nСудьба дарила чудеса."
    },
    {
      "id": "9157f1a9c2",
      "text": "С днем рождения поздравляю!\nИ всего-всего желаю:\nЧтоб любовь была и счастье,\nЧтоб пропали все несчастья,\nЧтобы беды обходили,\nНу а деньги приходили!\nБудь здоровой и красивой,\nА еще самой счастливой!"
    },
    {
      "id": "2fb9f57ec3",
      "text": "Желаю просыпаться с настроеньем,\nС улыбкой вечерами засыпать.\nПусть будут дни наполнены свеченьем,\nЖелаю не болеть, не унывать.\n\nДостатка, пониманья, уваженья,\nПусть в доме царствует божественный уют.\nЖелаю счастья искренне, душевно,\nПусть в сердце нотки радости поют!"
    },
    {
      "id": "43716db74c",
      "text": "От счастья пусть глаза искрятся,\nДуша любви будет полна,\nЧтоб все печали и ненастья\nОстались в прошлом навсегда.\n\nЖелаю радости, здоровья,\nУспехов и удач во всем.\nПусть каждый день будет наполнен\nТеплом и светом, и добром!"
    },
    {
      "id": "5d8adf2384",
      "text": "Любимая всеми, родная ты наша!\nПусть теплый твой дом будет полною чашей,\nЖелаем всегда быть такою красивой!\nПусть жизнь будет долгой, здоровой, счастливой,\nА все неудачи уйдут за порог.\nПусть радует солнышком каждый денек!"
    },
    {
      "id": "a2f09335e4",
      "text": "Море солнца и любви,\nНежности и доброты!\nЧтобы был всегда успех\nИ по жизни громкий смех.\n\nПожелаем всей душой\nОставаться молодой,\nИ пусть счастья ветерок\nПринесет здоровья впрок!"
    },
    {
      "id": "585c7e7d42",
      "text": "Прекрасная, хорошая, всегда на позитиве,\nТебе желаю большего, чем существует ныне...\nБогатства несусветного, на зависть всем, конечно,\nЖелания заветного, что сбудется поспешно.\nЗдоровья, процветания, любви, всегда удачи,\nВ душе — не увядания! Чтоб так, а не иначе!"
    },
    {
      "id": "20b346d592",
      "text": "Поздравляем и желаем вечной красоты!\nНа губах улыбок сладких, сбывшейся мечты!\nЧтоб теплом сердец от близких согревался мир,\nЧтоб глаза сияли ярче, чем любой сапфир.\nЛишь от радостных сюрпризов вверх взлетала бровь,\nА в душе царили вечно счастье и любовь."
    },
    {
      "id": "579cc79274",
      "text": "Здоровья, счастья и тепла,\nЧтоб жизнь веселою была.\nЧтоб искренне все улыбались,\nВы — молодою оставались.\n\nПускай вам солнце светит ярко,\nВ любви всегда пусть будет жарко.\nПусть дома ценят, любят, ждут\nИ вас в обиду не дадут."
    },
    {
      "id": "1fd4df0616",
      "text": "Желаю сердечно здоровья и счастья,\nПусть будет успех неотъемлемой частью.\nПусть дом утопает в любви и улыбках,\nЖелаю быть стройной, спортивной и гибкой.\n\nФонтаны доходов до самого моря,\nЖить дружно со всеми, с родными не ссорясь.\nОт светлых эмоций мечтательно греться,\nПусть будет всегда, на кого опереться."
    },
    {
      "id": "0e38976f09",
      "text": "Женского счастья,\nСобытий прекрасных.\nЗдоровья отличного,\nДостатка приличного.\nЛюбви, вдохновенья.\nТепла. С днем рожденья!"
    },
    {
      "id": "5e8b42eb6b",
      "text": "Желаю того, чего просит душа,\nЗаветная пусть воплотится мечта.\nНа сердце живут лишь любовь и покой,\nПусть беды обходят твой дом стороной!"
    },
    {
      "id": "59e34c3f7a",
      "text": "Будь всегда неотразимой,\nЯркой, милой и любимой.\nАнгелом всегда хранимой,\nНу, и просто будь счастливой!"
    },
    {
      "id": "766c35b7c3",
      "text": "Пусть всё на свете радует —\nИ снег, и дождь, и радуга,\nЧтоб каждый день тебе дарил\nБольшой вагон душевных сил!"
    },
    {
      "id": "bf34962c95",
      "text": "Всех желаний исполнения,\nНе испытывать волнения,\nИ во всем всегда везенья.\nПоздравляю! С днем рождения!"
    },
    {
      "id": "a42b8cd5a4",
      "text": "Счастья женского тебе,\nКрепкого здоровья.\nСветлых дней всегда в судьбе,\nРадости с любовью!\nИ, конечно же, везенья\nИ достатка. С днем рожденья!"
    },
    {
      "id": "08fca7ac6e",
      "text": "Большого счастья в день рождения,\nУлыбок, света, красоты,\nДобра, тепла и настроения\nДля исполнения мечты."
    },
    {
      "id": "8a3a751a06",
      "text": "Счастья, денег, доброты,\nИсполнения мечты,\nЖить, лишь радость излучая,\nВ день рождения желаю!"
    },
    {
      "id": "f5c489dffa",
      "text": "Пожелаю в день рожденья\nУваженья, восхищенья,\nЯрких дней, ночей спокойных,\nЛюбящих людей достойных,\nПусть здоровье будет крепким,\nИ всегда в порядке детки!"
    },
    {
      "id": "079dcf3926",
      "text": "С днем рождения! Цветения,\nВолшебства и настроения!\nБрать от жизни всё, что нужно,\nБыть востребованной в дружбе,\nИ любимой, и успешной,\nИ счастливей всех, конечно!"
    }
  ],
  "birthdayMen": [
    {
      "id": "6a7d8dd799",
      "text": "Я желаю в день рождения\nЗдоровья, счастья и везения.\nВсегда успеха и удачи,\nБогатства и любви в придачу.\nВысоких взлетов, а посадок — мягких.\nУлыбок добрых и мгновений ярких."
    },
    {
      "id": "c1bb45dbc5",
      "text": "Что в день рожденья пожелать?\nКарман потуже набивать,\nУметь работать и гулять,\nУметь красиво отдыхать,\nСтремиться к новой высоте,\nИ видеть счастье в простоте,\nЧтоб исполнялось все всегда,\nЧтоб были долгими года!"
    },
    {
      "id": "27cc78d5d2",
      "text": "Желаю дерзких планов и идей,\nВершин, к которым хочется стремиться,\nИ рядом — близких, искренних людей,\nЧтоб с ними щедро счастьем поделиться!"
    },
    {
      "id": "6b5b79b369",
      "text": "Побед блестящих, счастья, радости,\nВсе планы станут пусть реальностью,\nВедь целей нет недостижимых\nДля настоящего мужчины!"
    },
    {
      "id": "9e370717cd",
      "text": "Поздравляю с днем рожденья!\nЯ желаю, чтобы ты\nВ жизни не терял везенья\nИ исполнил все мечты."
    },
    {
      "id": "5313c243eb",
      "text": "Хорошими пусть будут перемены,\nНа всё хватает времени и сил,\nИ остаётся в жизни неизменным\nЗакон «Пришёл, Увидел, Победил!»"
    },
    {
      "id": "89ea1013bf",
      "text": "Желаю ключ от новой тачки,\nДеньжат увесистую пачку,\nПивка холодного в бокале,\nИ чтоб друзья не забывали."
    },
    {
      "id": "8cf154c127",
      "text": "Желаю, чтоб на жизненном пути,\nБыло много троп и поворотов,\nА ты бы знал всегда, куда идти,\nЯ пожелаю лишь удач и взлетов!"
    },
    {
      "id": "0afcdb95e3",
      "text": "В этот день рожденья твой\nЯ желаю: будь собой!\nА кто будет возражать —\nЗнаешь сам, куда послать!"
    },
    {
      "id": "1fd6a0f02b",
      "text": "Желаю в день рожденья я\nТебе добра и процветанья,\nУдача радует тебя,\nВ семье – взаимопониманья!"
    },
    {
      "id": "379f8769c3",
      "text": "В ответе по-мужски ты за решения,\nИх не страшишься твёрдо принимать.\nМечтаешь, несомненно, в день рождения\nВсех вместе, наконец, друзей собрать."
    },
    {
      "id": "5e9a735660",
      "text": "Мы пожелать тебе хотим\nНа этот день рождения\nЧтоб каждый день чудесным был\nИ полон год везенья!"
    },
    {
      "id": "7f3095fbb1",
      "text": "Желаем очень много счастья,\nБолезней, горестей не знать,\nВ труде успехов добиваться\nИ в личной жизни не зевать!"
    },
    {
      "id": "0c3a34bdc9",
      "text": "Желаю жить и не грустить,\nИ счастье черпать бесконечно!\nДостойно жизнь свою прожить,\nЛюбить и быть любимым вечно!"
    },
    {
      "id": "b80ae5d6dd",
      "text": "Много счастья, много денег,\nЧтоб удачей был богат.\nПожелаю в день рожденья,\nЖизни легкой без преград."
    },
    {
      "id": "615e50e3f0",
      "text": "Родился ты в рубашке, парень,\nНо избегай пустой борьбы.\nБудь первым и всегда «в ударе»,\nХозяином своей судьбы!"
    },
    {
      "id": "bbb8237170",
      "text": "Ты отец и муж отличный,\nИ мужчина ты приличный —\nВсех достоинств счесть нельзя.\nПоздравляем мы тебя."
    }
  ],
  "womenday": [
    {
      "id": "571dab3be3",
      "text": "Что сказать 8 Марта:\nБудь здорова и богата,\nИ красива, и стройна,\nИ прилежна, и умна.\nЧто бы шеф тебя ценил,\nЧто бы дома муж любил.\nЧто бы старость стороной\nОбходила образ твой!\nЧто бы завтра и с утра\nНе болела голова!"
    },
    {
      "id": "f81ea2d730",
      "text": "С праздником весны тебя я поздравляю,\nПлечи хрупкие твои нежно обнимаю.\nВсё зависит от тебя - дети, дом, тепло.\nМне с тобою, милый друг, очень повезло.\nИ сколько б трудностей с тобой\nМы в жизни ни встречали -\nВ доме нашем никогда\nНе пропишутся печали!"
    },
    {
      "id": "5c712d58c8",
      "text": "Весна за окнами сияет, посмотри!\nПрекрасен мир, цветением объят...\nВозьми же ясность утренней зари,\nДыханья свежесть пусть подарит сад,\nИ пусть сияют радостно глаза,\nИ пусть душа от счастья запоет,\nПусть мимо прошумит гроза,\nПусть только радость дарит каждый год!"
    },
    {
      "id": "4c3bc846a7",
      "text": "Милые женщины, добрые, верные!\nС новой весной вас, с каплями первыми!\nМирного неба вам, солнца лучистого,\nСчастья заветного, самого чистого!\nМного в вас ласки, тепла, доброты, -\nПусть исполняются ваши мечты!"
    },
    {
      "id": "5fe3fae3a5",
      "text": "Желаю просыпаться с настроеньем,\nС улыбкой вечерами засыпать.\nПусть будут дни наполнены свеченьем,\nЖелаю не болеть, не унывать.\n\nДостатка, пониманья, уваженья,\nПусть в доме царствует божественный уют.\nЖелаю счастья искренне, душевно,\nПусть в сердце нотки радости поют!"
    },
    {
      "id": "23e7c8663e",
      "text": "От счастья пусть глаза искрятся,\nДуша любви будет полна,\nЧтоб все печали и ненастья\nОстались в прошлом навсегда.\n\nЖелаю радости, здоровья,\nУспехов и удач во всем.\nПусть каждый день будет наполнен\nТеплом и светом, и добром!"
    },
    {
      "id": "3792ba801a",
      "text": "Любимая всеми, родная ты наша!\nПусть теплый твой дом будет полною чашей,\nЖелаем всегда быть такою красивой!\nПусть жизнь будет долгой, здоровой, счастливой,\nА все неудачи уйдут за порог.\nПусть радует солнышком каждый денек!"
    },
    {
      "id": "2e984f1205",
      "text": "Море солнца и любви,\nНежности и доброты!\nЧтобы был всегда успех\nИ по жизни громкий смех.\n\nПожелаем всей душой\nОставаться молодой,\nИ пусть счастья ветерок\nПринесет здоровья впрок!"
    },
    {
      "id": "1ab72bddc9",
      "text": "Прекрасная, хорошая, всегда на позитиве,\nТебе желаю большего, чем существует ныне...\nБогатства несусветного, на зависть всем, конечно,\nЖелания заветного, что сбудется поспешно.\nЗдоровья, процветания, любви, всегда удачи,\nВ душе — не увядания! Чтоб так, а не иначе!"
    },
    {
      "id": "2c088bde23",
      "text": "Поздравляем и желаем вечной красоты!\nНа губах улыбок сладких, сбывшейся мечты!\nЧтоб теплом сердец от близких согревался мир,\nЧтоб глаза сияли ярче, чем любой сапфир.\nЛишь от радостных сюрпризов вверх взлетала бровь,\nА в душе царили вечно счастье и любовь."
    },
    {
      "id": "18956e2495",
      "text": "Здоровья, счастья и тепла,\nЧтоб жизнь веселою была.\nЧтоб искренне все улыбались,\nВы — молодою оставались.\n\nПускай вам солнце светит ярко,\nВ любви всегда пусть будет жарко.\nПусть дома ценят, любят, ждут\nИ вас в обиду не дадут."
    },
    {
      "id": "2f97ef8258",
      "text": "Желаю сердечно здоровья и счастья,\nПусть будет успех неотъемлемой частью.\nПусть дом утопает в любви и улыбках,\nЖелаю быть стройной, спортивной и гибкой.\n\nФонтаны доходов до самого моря,\nЖить дружно со всеми, с родными не ссорясь.\nОт светлых эмоций мечтательно греться,\nПусть будет всегда, на кого опереться."
    },
    {
      "id": "9d9508d5c6",
      "text": "Желаю того, чего просит душа,\nЗаветная пусть воплотится мечта.\nНа сердце живут лишь любовь и покой,\nПусть беды обходят твой дом стороной!"
    },
    {
      "id": "31da12c02a",
      "text": "Будь всегда неотразимой,\nЯркой, милой и любимой.\nАнгелом всегда хранимой,\nНу, и просто будь счастливой!"
    },
    {
      "id": "3b41babc12",
      "text": "Пусть всё на свете радует —\nИ снег, и дождь, и радуга,\nЧтоб каждый день тебе дарил\nБольшой вагон душевных сил!"
    },
    {
      "id": "ac260cb826",
      "text": "Большого счастья в день рождения,\nУлыбок, света, красоты,\nДобра, тепла и настроения\nДля исполнения мечты."
    }
  ],
  "programmingday": [
    {
      "id": "34bdf3efde",
      "text": "Сегодня, в праздник программиста,\nЖелаю целей достигать:\nПисать программы верно, быстро,\nПомех в работе не встречать.\nЧтоб коды, файлы и пароли\nЛишь создавались, не терялись.\nВсё было чётко, под контролем,\nЛегко проблемы устранялись."
    },
    {
      "id": "72dde9caa0",
      "text": "Из Хаоса создать Порядок,\nСложить мозаику мира\nВычислить что угодно\nПод силу им – программистам.\nКомпьютер и Интернет –\nВсё, что им надо,\nЧтобы зажечь во тьме свет\nИ жизнь поднять на порядок!"
    },
    {
      "id": "f5e9e1cee3",
      "text": "Программистов поздравляем дружно!\nФирма вами очень дорожит.\nЗнаем, что бы ни было нам нужно,\nМожете вы с легкостью решить!\nМы желаем счастья и успехов,\nПусть идут программы на ура!\nРадости вам, крепкого здоровья,\nИ любви, конечно, и добра!"
    },
    {
      "id": "18de3c4cb3",
      "text": "Пусть будут коды все верны,\nПрограммы чтоб без сбоев.\nСегодня Виндовса сыны\nШагают ровным строем.\nМы поздравляем гордо их.\nПусть небо будет чистым\nНа мониторе, программисты,\nИ в вашей светлой жизни!"
    },
    {
      "id": "fec0cc9cb1",
      "text": "Я скажу в День программиста:\nПусть уйдут проблемы быстро,\nЧтоб компьютер был исправным,\nНу а дома ты был главным.\nЧтоб зарплата с монитора\nПрибывала в руки скоро,\nРос доход, потенциал,\nИ талант твой процветал!"
    },
    {
      "id": "4f6bbe9afb",
      "text": "Ты в работе день и ночь,\nНе встаешь и с места.\nМысль свою сосредоточь\nНа деле интересном.\nПусть успехи тебя ждут\nВ мире виртуальном.\nПрограммист, найди маршрут\nК радости реальный!"
    },
    {
      "id": "49c60df164",
      "text": "Без помощи твоей не обойтись,\nКомпьютерщик, умелый программист,\nРаботу без тебя не представляем.\nБлагодарим, что часто выручаешь.\nЖелаем сил, успехов, процветанья,\nЧтоб окупились все твои старанья,\nРаботало чтоб все бесперебойно,\nЗарплата чтоб твоя была достойной!"
    },
    {
      "id": "0e2052ba79",
      "text": "Волшебник ты по части файлов,\nЗнаком любой программы код,\nЗнаток ты хитростей дизайна —\nО программистах речь идет!\nВиват вам, люди от науки,\nВсе пусть сбываются мечты,\nПотерты клавишами руки,\nВо имя Нета красоты!"
    },
    {
      "id": "02980893cd",
      "text": "Создать шедевр мира веб,\nЧтоб легким был и честным хлеб,\nВедь ты по жизни реалист,\nНаш несравненный программист.\nЖелаем, кроме монитора,\nУлыбок, нежных разговоров,\nЧтоб позабыл в свой светлый день\nВсю мишуру и канитель!"
    },
    {
      "id": "680477d9c5",
      "text": "Как в наш век безумно важен\nМастер классный – программист!\nУстановит всё, покажет,\nСам ты в этом убедись!\nС праздником тебя, волшебник!\nПоздравляем от души!\nТы шикарен! Скажем честно:\nБез тебя пропали б мы!"
    }
  ],
  "knowledgeday": [
    {
      "id": "633ba8d58d",
      "text": "И снова этот день настал —\nДень знаний вместе всех собрал.\nЦветы, улыбки, смех и звон\nСтали слышны со всех сторон.\nС Днем знаний вас я поздравляю!\nУзнать вам нового желаю,\nПусть будут дни для вас ярки,\nПолны пятёрок рюкзаки,\nУдачи, открытий, общения,\nПознаний полезных, везения!"
    },
    {
      "id": "caf064ce1e",
      "text": "Сегодня очень важный день —\nДень знаний называется.\nПусть прочь уходить слово «лень»:\nУчеба начинается!\nПусть этот новый школьный год\nТебе успехов принесёт,\nИ океан открытий,\nИ лучших лишь событий!"
    },
    {
      "id": "5c2c02689b",
      "text": "Пришла к нам осень золотая,\nС собой День знаний принесла!\nЯ вас сердечно поздравляю!\nБольшой удачи всем, друзья!"
    },
    {
      "id": "6a1a10f72b",
      "text": "Пусть счастьем в школе светятся глаза\nУчебный год в который раз встречая,\nОткрытия волненья, чудеса\nУрок вам всякий новый обещает!"
    },
    {
      "id": "1398b9e1b8",
      "text": "Пускай море новых знаний\nНакроет тебя с головой,\nИ ангел удачи за ручку\nТебя позовёт за собой.\nВ тетрадках пусть будут пятёрки,\nВ портфеле — порядок всегда,\nА книги от корки до корки,\nПрочтёшь быстро ты без труда."
    },
    {
      "id": "5f2b99d69e",
      "text": "День знаний — это праздник книг,\nЦветов, друзей, улыбок, света!\nУчись прилежно, ученик —\nГлавней всего сегодня это!!!"
    }
  ],
  "teacherday": [
    {
      "id": "3348f81871",
      "text": "У каждого предмет любимый свой,\nНо, тем не менее, бывает очень часто,\nЧто важен не предмет для нас порой,\nА человек к другим небезучастный!\nУчитель тот, который отдаёт\nИ знания, и сердце без остатка,\nКто вкладывает душу и даёт\nОтветы нам на каждую загадку!"
    },
    {
      "id": "8d8d3ec362",
      "text": "Учитель… Сколько в слове этом сказано!\nВы — друг, наставник, педагог.\nСобытий столько с Вами связано\nИ школьных пройдено дорог!\n\nУчитель наш, мы Вам желаем\nЗдоровья, радости, побед.\nВас уважаем, понимаем,\nЧто в мире лучше, чем Вы, нет."
    },
    {
      "id": "739717be17",
      "text": "Знают взрослые и дети:\nНет прекраснее на свете\nПрофессии учителей.\nОни нас делают мудрей!\n\nПоклон вам низкий, до земли,\nЗа все, что сделать вы смогли!\nЗдоровья вам и вдохновенья,\nЛюбви желаем и терпенья!"
    },
    {
      "id": "0c2cd78bc7",
      "text": "Примите наши поздравленья\nИ благодарность от души,\nВаш труд достоин восхищенья,\nВас любят наши малыши!\nМы Вами искренне гордимся\nИ хвастаемся средь друзей.\nДетей доверить не боимся,\nВезде б таких учителей!"
    },
    {
      "id": "94b99a60c2",
      "text": "Учить детей – трудней задачу\nБывает сложно отыскать!\nПусть будет весь ваш мир охвачен,\nВосторгом, что не передать!\nПусть труд приносит наслажденье,\nСтремительно растет оклад.\nПусть засияет настроенье\nВ ваш день, учитель, вам – наград!"
    },
    {
      "id": "aad3762c97",
      "text": "Ваша доброта, как солнце,\nЩедро согревает класс!\nВремя объяснить найдется\nОбязательно у Вас!\nВам желаю позитива,\nСвежих творческих идей!\nБыть всегда такой красивой,\nОкружать теплом детей!"
    },
    {
      "id": "6402b80436",
      "text": "Педагог наш самый лучший,\nС праздником Вас поздравляем!\nВас беспрекословно слушать\nНа уроках обещаем!\n\nВыполним мы все задания,\nВыучим мы всё на «пять».\nВам спасибо за старания\nНас в науке просвещать!"
    },
    {
      "id": "53c77483a2",
      "text": "С Днем учителя, с праздником классным,\nПоздравляю октябрьской порой!\nПусть судьба твоя будет прекрасной,\nЖизнь – отличной, а труд – золотой!"
    },
    {
      "id": "450276bc92",
      "text": "В День учителя мы рады\nВас поздравить от души!\nИ ведь большей нет награды,\nКоль успехи хороши\nУ детишек подопечных.\nПусть стараются они!\nГоды в школе быстротечны…\nВаше дело ценим мы."
    },
    {
      "id": "55dbb48f76",
      "text": "Учитель первый и любимый,\nВас не забудем никогда!\nВсё то, что знать необходимо,\nМы знаем, вам благодаря!\nИ с Днём учителя поздравить\nОт всей души хотим сейчас,\nТепла у вас в душе оставить!\nИ поблагодарить – за нас!"
    },
    {
      "id": "108b6c726b",
      "text": "Сколько вёсен уже пролетело!\nЭтих лет нам не остановить,\nА для Вас основным было дело —\nДень за днем ребятишек учить!\nПусть в Ваш дом не заглянет ненастье\nИ болезни дорог не найдут.\nМы желаем здоровья и счастья!\nИ спасибо за добрый Ваш труд!"
    },
    {
      "id": "1510330485",
      "text": "Досконально предмет вы знаете,\nСвоим делитесь с нами опытом.\nС уважением вспоминаю вас\nКаждый раз. Не тревожат хлопоты\n\nВас пускай, а пути карьерные\nБудут легкими, интересными.\nС Днем учителя! Вы пример для нас.\nВсего доброго и чудесного!"
    }
  ],
  "newyear": [
    {
      "id": "0c050f4805",
      "text": "В Новый год тебе желаю\nМного сказок и чудес.\nПусть искрится снег, сверкает,\nБудет счастье до небес.\nДед Мороз даёт подарки,\nБудет ёлка, хоровод.\nЖизни сочной, классной, яркой\nВ добрый праздник, в Новый год."
    },
    {
      "id": "f181b065a2",
      "text": "Пусть Новый год  без опозданий\nПодарит тысячу желаний,\nИх исполнение по сроку,\nБез сложных жизненных уроков.\nПусть дом наполнит мощной силой,\nЧтоб все печали погасила.\nА сердцу –  искреннюю радость,\nЧтоб снять легко с души усталость!"
    },
    {
      "id": "2258ae1d86",
      "text": "Поздравляем с Новым годом,\nПусть счастливым будет он!\nИ хорошей вам погоды\nВ доме, в жизни, за окном!"
    },
    {
      "id": "2e3da022ed",
      "text": "С открытым сердцем и любовью\nЖелаем счастья и здоровья,\nПусть Новый год со счастьем новым\nВ ваш дом хозяином войдет,\nИ вместе с запахом еловым\nУспех и радость принесет!"
    },
    {
      "id": "2555fee421",
      "text": "С Новым годом, родные! Ура!\nСвета, мира, тепла и добра,\nВолшебство пусть закружит вас в танце,\nБудут все веселиться, смеяться.\nПусть же счастье он всем принесет —\nЭтот сказочный Новый год!"
    },
    {
      "id": "625d5e3050",
      "text": "Встретим мы праздник с большою надеждою\nНа позитивных событий черёд.\nВсё развивается — разве по-прежнему\nМожет идти наша жизнь? Повезёт\nНам обязательно! Мы постараемся,\nСделаем всё, что зависит от нас!\nНу а пока мы сидим, улыбаемся.\nДавайте поднимем бокалы сейчас!"
    },
    {
      "id": "4969e8d277",
      "text": "С Новым годом поздравляю, милые друзья!\nМного счастья и здоровья пожелаю я,\nПожелаю чуда, радостных хлопот,\nЧтобы наилучшим был у всех нас год.\n\nПусть подарит радость жизни каждый час,\nЧтобы все плохое не касалось вас.\nДоброты, везения, мира и порядка,\nЧтобы дома было всегда очень гладко!"
    },
    {
      "id": "55a488ac39",
      "text": "Подруга милая, родная,\nУже так близко Новый год!\nАх, как же сильно я желаю,\nЧтоб было жить тебе легко!\n\nПриятным каждый миг пусть будет,\nЗдоровье не подводит пусть,\nИ радуют родные люди\nПалитрой самых лучших чувств!"
    },
    {
      "id": "5fe62aee31",
      "text": "Пусть в Новый Год желания исполняются,\nА жизнь добром и светом наполняется.\nЗдоровья, счастья, мира в Новый Год,\nДобраться до всех жизненных высот!"
    },
    {
      "id": "07c8dbd295",
      "text": "Ни золота, ни королевской власти,\nНи тех богатств, что выдумал народ, –\nПростого человеческого счастья,\nЯ пожелать хочу вам в Новый год!"
    }
  ]
}
